<?xml version="1.0" encoding="UTF-8"?>
<navigationModel
  ns = "http://schemas.android.com?import=com.android.tools.idea.editors.navigation.model.*">
  <locations  
    class = "java.util.ArrayList">
    <statePointEntry>
      <state      
        class = "com.android.tools.idea.editors.navigation.model.ActivityState"      
        className = "main.collegesystem.admin.attendance"/>
      <point      
        x = "1236"      
        y = "220"/>
    </statePointEntry>
    <statePointEntry>
      <state      
        class = "com.android.tools.idea.editors.navigation.model.ActivityState"      
        className = "main.collegesystem.admin.ProfileAdmin"/>
      <point      
        x = "548"      
        y = "148"/>
    </statePointEntry>
    <statePointEntry>
      <state      
        class = "com.android.tools.idea.editors.navigation.model.ActivityState"      
        className = "main.collegesystem.Profile"/>
      <point      
        x = "712"      
        y = "464"/>
    </statePointEntry>
    <statePointEntry>
      <state      
        class = "com.android.tools.idea.editors.navigation.model.ActivityState"      
        className = "main.collegesystem.Splash"/>
      <point      
        x = "650"      
        y = "250"/>
    </statePointEntry>
    <statePointEntry>
      <state      
        class = "com.android.tools.idea.editors.navigation.model.ActivityState"      
        className = "main.collegesystem.staff.Staff"/>
      <point      
        x = "700"      
        y = "300"/>
    </statePointEntry>
    <statePointEntry>
      <state      
        class = "com.android.tools.idea.editors.navigation.model.ActivityState"      
        className = "main.collegesystem.Register"/>
      <point      
        x = "3900"      
        y = "20"/>
    </statePointEntry>
    <statePointEntry>
      <state      
        class = "com.android.tools.idea.editors.navigation.model.ActivityState"      
        className = "main.collegesystem.admin.Schedule"/>
      <point      
        x = "800"      
        y = "400"/>
    </statePointEntry>
    <statePointEntry>
      <state      
        class = "com.android.tools.idea.editors.navigation.model.ActivityState"      
        className = "main.collegesystem.About"/>
      <point      
        x = "850"      
        y = "450"/>
    </statePointEntry>
    <statePointEntry>
      <state      
        class = "com.android.tools.idea.editors.navigation.model.ActivityState"      
        className = "main.collegesystem.admin.Studentpoll"/>
      <point      
        x = "2816"      
        y = "52"/>
    </statePointEntry>
    <statePointEntry>
      <state      
        class = "com.android.tools.idea.editors.navigation.model.ActivityState"      
        className = "main.collegesystem.admin.Manualwork"/>
      <point      
        x = "948"      
        y = "548"/>
    </statePointEntry>
    <statePointEntry>
      <state      
        class = "com.android.tools.idea.editors.navigation.model.ActivityState"      
        className = "main.collegesystem.Login"/>
      <point      
        x = "1000"      
        y = "600"/>
    </statePointEntry>
    <statePointEntry>
      <state      
        class = "com.android.tools.idea.editors.navigation.model.ActivityState"      
        className = "main.collegesystem.admin.Notice"/>
      <point      
        x = "1050"      
        y = "650"/>
    </statePointEntry>
    <statePointEntry>
      <state      
        class = "com.android.tools.idea.editors.navigation.model.ActivityState"      
        className = "main.collegesystem.admin.Admin"/>
      <point      
        x = "1100"      
        y = "700"/>
    </statePointEntry>
    <statePointEntry>
      <state      
        class = "com.android.tools.idea.editors.navigation.model.ActivityState"      
        className = "main.collegesystem.student.Student"/>
      <point      
        x = "1150"      
        y = "750"/>
    </statePointEntry>
    <statePointEntry>
      <state      
        class = "com.android.tools.idea.editors.navigation.model.ActivityState"      
        className = "main.collegesystem.test"/>
      <point      
        x = "1200"      
        y = "800"/>
    </statePointEntry>
    <statePointEntry>
      <state      
        class = "com.android.tools.idea.editors.navigation.model.ActivityState"      
        className = "main.collegesystem.ForgotPaswordPage"/>
      <point      
        x = "1250"      
        y = "850"/>
    </statePointEntry>
    <statePointEntry>
      <state      
        class = "com.android.tools.idea.editors.navigation.model.ActivityState"      
        className = "main.collegesystem.admin.Staffpoll"/>
      <point      
        x = "1300"      
        y = "900"/>
    </statePointEntry>
  </locations>
</navigationModel>
